{
  "block00_q_proj": {
    "shape": [
      100,
      768,
      768
    ],
    "modes": {
      "mode1": {
        "vit_top16_evr": 0.025005780409219247,
        "null_top16_evr": 0.024928131189082804,
        "vit_top1_evr": 0.001587374208025948,
        "null_top1_evr": 0.0015724279748685034
      },
      "mode2": {
        "vit_top16_evr": 0.024996306794970044,
        "null_top16_evr": 0.02491706998086964,
        "vit_top1_evr": 0.0015875687455817443,
        "null_top1_evr": 0.0015746135282414418
      }
    }
  },
  "block05_q_proj": {
    "shape": [
      100,
      768,
      768
    ],
    "modes": {
      "mode1": {
        "vit_top16_evr": 0.024968371128749955,
        "null_top16_evr": 0.024928131189082783,
        "vit_top1_evr": 0.0015859459998433117,
        "null_top1_evr": 0.0015724279748685027
      },
      "mode2": {
        "vit_top16_evr": 0.02497317313459287,
        "null_top16_evr": 0.024917069980869632,
        "vit_top1_evr": 0.0015834649975544747,
        "null_top1_evr": 0.0015746135282414446
      }
    }
  },
  "block11_q_proj": {
    "shape": [
      100,
      768,
      768
    ],
    "modes": {
      "mode1": {
        "vit_top16_evr": 0.0250587555414976,
        "null_top16_evr": 0.024928131189082794,
        "vit_top1_evr": 0.0015977972287358716,
        "null_top1_evr": 0.0015724279748685038
      },
      "mode2": {
        "vit_top16_evr": 0.025035759457406815,
        "null_top16_evr": 0.024917069980869646,
        "vit_top1_evr": 0.0015928034316321225,
        "null_top1_evr": 0.0015746135282414418
      }
    }
  }
}